year,verified_purchase,star_rating,review_body,ave_sentiment,word_count
2008,200,4.175,200,0.19832371502156407,83.975
2009,174,4.137931034482759,174,0.1744618606668862,97.61494252873563
2010,303,4.224422442244224,303,0.19507932853589183,80.96699669966996
2011,1005,4.111442786069651,1005,0.18460158779151017,84.93034825870647
2012,1424,4.242977528089888,1424,0.20945870133237907,75.85814606741573
2013,3725,4.306040268456376,3725,0.22609129903841382,57.5565100671141
2014,6091,4.338203907404367,6091,0.278983544790415,39.78771958627483
2015,5796,4.348171152518979,5794,0.292708554572947,33.232919254658384
