year,verified_purchase,star_rating,review_body,ave_sentiment,word_count
2,7,4.142857142857143,7,0.1592883133756268,150.71428571428572
4,14,4.428571428571429,14,0.2741680971568983,87.64285714285714
