year,verified_purchase,star_rating,review_body,ave_sentiment,word_count
0,8,4.125,8,0.2003560131402675,117.375
1,10,4.4,10,0.21150389039780718,109.8
3,20,4.05,20,0.1263982134694628,86.8
11,2152,4.159386617100372,2152,0.2053362485621536,57.47444237918216
12,3210,4.182866043613707,3210,0.2395427558110128,43.55981308411215
13,3143,4.2319440025453385,3143,0.27301742391274364,36.75373846643335
