year,verified_purchase,star_rating,review_body,ave_sentiment,word_count
2004,4,3.25,4,0.10970298798648899,68.5
2005,91,3.901098901098901,91,0.1394578045811845,108.95604395604396
2006,24,3.9166666666666665,24,0.16487078844264888,121.5
2007,100,3.84,100,0.16393124088619804,85.66
