year,verified_purchase,star_rating,review_body,ave_sentiment,word_count
2,8,3.25,8,0.06261729736942213,151.625
4,71,3.183098591549296,71,0.08450138994339466,81.71830985915493
5,182,3.967032967032967,182,0.16794262282784225,84.9065934065934
6,233,3.755364806866953,233,0.16067905592617096,86.91416309012875
7,301,3.9667774086378738,301,0.17980126361528118,85.31893687707641
8,580,3.8448275862068964,580,0.15540942062942678,84.01724137931035
9,634,3.862776025236593,634,0.15205936066622663,84.76498422712933
10,918,3.9782135076252723,918,0.18524413981707383,73.77015250544662
